City_ID,City,Country,Lat,Lng,Max Temp,Humidity,Cloudiness,Wind Speed,Current Description
0,Arraial Do Cabo,BR,-22.9661,-42.0278,71.06,75,53,14.18,broken clouds
1,Bluff,NZ,-46.6,168.3333,56.8,78,100,6.64,light rain
2,Alofi,NU,-19.0595,-169.9187,79.83,77,43,14.54,scattered clouds
3,Mataura,NZ,-46.1927,168.8643,64.13,53,100,3.38,moderate rain
4,Sao Filipe,CV,14.8961,-24.4956,78.89,79,100,5.01,overcast clouds
5,Constitucion,CL,-35.3333,-72.4167,59.43,79,27,11.07,scattered clouds
6,Hobyo,SO,5.3505,48.5268,78.8,70,8,10.63,clear sky
7,Port Elizabeth,ZA,-33.918,25.5701,65.1,79,96,16.04,overcast clouds
8,Mamallapuram,IN,12.6264,80.1722,77.05,85,49,5.21,scattered clouds
9,Oktyabrskoye,RU,43.0645,44.7417,32.14,100,99,4.47,mist
10,Spearfish,US,44.4908,-103.8594,44.82,76,90,0.0,overcast clouds
11,Yellowknife,CA,62.456,-114.3525,-1.44,88,51,5.99,broken clouds
12,Kruisfontein,ZA,-34.0033,24.7314,62.89,82,98,10.6,overcast clouds
13,Kassala,SD,15.451,36.4,75.38,19,0,11.1,clear sky
14,Busselton,AU,-33.65,115.3333,62.04,53,76,7.67,broken clouds
15,Waipawa,NZ,-41.4122,175.5153,59.04,64,100,8.03,moderate rain
16,Vila Velha,BR,-20.3297,-40.2925,70.95,93,100,11.99,overcast clouds
17,Huarmey,PE,-10.0681,-78.1522,66.56,83,92,10.04,overcast clouds
18,Coihaique,CL,-45.5752,-72.0662,52.25,97,89,10.65,moderate rain
19,Villa Bruzual,VE,9.3328,-69.1208,84.45,54,69,7.67,broken clouds
20,Ouadda,CF,8.0777,22.4007,72.09,32,26,5.95,scattered clouds
21,Mar Del Plata,AR,-38.0023,-57.5575,84.22,28,0,13.8,clear sky
22,Grand Gaube,MU,-20.0064,57.6608,75.6,71,1,1.99,clear sky
23,Chuy,UY,-33.6971,-53.4616,62.62,76,0,6.73,clear sky
24,San Patricio,US,28.017,-97.5169,78.67,65,67,12.88,broken clouds
25,Margate,GB,51.3813,1.3862,50.04,81,68,1.99,broken clouds
26,Port Lincoln,AU,-34.7333,135.8667,58.6,62,10,13.78,clear sky
27,Tateyama,JP,34.9833,139.8667,56.1,72,13,8.46,few clouds
28,Avarua,CK,-21.2078,-159.775,80.65,69,40,16.11,scattered clouds
29,Bathsheba,BB,13.2167,-59.5167,78.66,74,30,12.75,scattered clouds
30,Albany,US,42.6001,-73.9662,40.08,58,100,1.01,overcast clouds
31,Esperance,AU,-33.8667,121.9,64.44,65,0,18.3,clear sky
32,Hammerfest,NO,70.6634,23.6821,28.85,64,40,13.8,snow
33,Cabo San Lucas,MX,22.8909,-109.9124,82.62,59,12,8.99,few clouds
34,Jamestown,US,42.097,-79.2353,41.72,36,100,4.0,overcast clouds
35,Purbalingga,ID,-7.3881,109.3639,76.42,94,92,1.63,overcast clouds
36,Rikitea,PF,-23.1203,-134.9692,73.74,59,57,4.16,broken clouds
37,Oktyabrskiy,RU,54.4815,53.471,32.43,95,100,20.67,light snow
38,Farafangana,MG,-22.8167,47.8333,73.99,88,10,8.46,clear sky
39,Ardahan,TR,41.1087,42.7022,33.22,80,90,4.27,overcast clouds
40,Beruwala,LK,6.4788,79.9828,77.86,77,96,6.24,overcast clouds
41,Vaini,TO,-21.2,-175.2,79.79,79,9,7.36,clear sky
42,Gomel,BY,52.4345,30.9754,38.8,84,67,12.15,broken clouds
43,Kropotkin,RU,45.4375,40.5756,50.18,83,100,21.65,overcast clouds
44,Kodiak,US,57.79,-152.4072,35.11,80,90,19.57,light snow
45,Vila Franca Do Campo,PT,37.7167,-25.4333,67.19,74,90,19.1,overcast clouds
46,Ostrovnoy,RU,68.0531,39.5131,29.32,87,100,3.78,overcast clouds
47,Lavrentiya,RU,65.5833,-171.0,1.17,86,1,6.44,clear sky
48,Kandy,LK,7.2955,80.6356,64.44,85,43,2.44,scattered clouds
49,Uzunovo,RU,54.5386,38.6173,33.78,85,95,20.98,overcast clouds
50,Hofn,IS,64.2539,-15.2082,32.58,54,47,13.58,scattered clouds
51,Cherskiy,RU,68.75,161.3,-19.79,96,93,0.76,overcast clouds
52,Mahebourg,MU,-20.4081,57.7,76.24,70,0,8.19,clear sky
53,Port Alfred,ZA,-33.5906,26.891,64.22,80,99,18.16,overcast clouds
54,Klaksvik,FO,62.2266,-6.589,40.12,70,100,31.27,overcast clouds
55,Mogadishu,SO,2.0371,45.3438,78.94,77,44,11.74,scattered clouds
56,Grindavik,IS,63.8424,-22.4338,32.47,74,90,8.05,snow
57,Cape Town,ZA,-33.9258,18.4232,66.27,65,0,6.91,clear sky
58,Hilo,US,19.7297,-155.09,90.28,90,28,7.0,scattered clouds
59,East London,ZA,-33.0153,27.9116,63.45,87,100,11.59,light rain
60,Ushuaia,AR,-54.8,-68.3,36.09,86,87,16.82,light rain
61,Sakakah,SA,29.9697,40.2064,59.52,38,90,7.56,overcast clouds
62,Sunndalsora,NO,62.6754,8.5515,39.85,98,100,2.68,overcast clouds
63,Saint-Francois,FR,46.4154,3.9054,38.68,99,90,3.44,fog
64,Kapaa,US,22.0752,-159.319,83.19,68,97,1.99,overcast clouds
65,Caravelas,BR,-17.7125,-39.2481,74.89,92,100,0.81,overcast clouds
66,Ovalle,CL,-30.5983,-71.2003,73.4,45,0,5.7,clear sky
67,Tuktoyaktuk,CA,69.4541,-133.0374,-0.38,88,100,5.08,overcast clouds
68,Ilulissat,GL,69.2167,-51.1,24.82,80,100,6.91,snow
69,Jumla,NP,29.2747,82.1838,41.4,77,0,3.83,clear sky
70,Necochea,AR,-38.5473,-58.7368,77.5,34,31,4.09,scattered clouds
71,Flinders,AU,-34.5833,150.8552,61.21,94,100,1.99,light rain
72,Belmonte,BR,-15.8631,-38.8828,79.3,85,100,8.61,overcast clouds
73,Pevek,RU,69.7008,170.3133,-11.92,99,82,4.29,broken clouds
74,El Sauzal,MX,31.9,-116.6833,62.42,80,100,5.44,overcast clouds
75,Georgetown,MY,5.4112,100.3354,79.9,89,20,1.99,few clouds
76,Provideniya,RU,64.3833,-173.3,6.39,71,5,8.37,clear sky
77,Nouadhibou,MR,20.931,-17.0347,71.58,73,100,6.91,overcast clouds
78,Nabire,ID,-3.3667,135.4833,79.2,86,98,1.32,overcast clouds
79,Saint-Philippe,RE,-21.3585,55.7679,73.22,72,3,6.96,clear sky
80,Valpacos,PT,41.6075,-7.3109,42.73,83,45,2.59,scattered clouds
81,Aitape,PG,-3.1374,142.3475,82.13,78,95,1.23,overcast clouds
82,Cayenne,GF,4.9333,-52.3333,80.1,86,0,1.14,clear sky
83,Tasiilaq,GL,65.6145,-37.6368,28.56,95,100,18.5,snow
84,Fort Nelson,CA,58.8053,-122.7002,2.53,96,76,3.53,broken clouds
85,Wuda,CN,39.4994,106.7117,20.73,28,10,27.2,clear sky
86,Urucurituba,BR,-2.6833,-57.6667,77.61,89,99,3.15,moderate rain
87,Atuona,PF,-9.8,-139.0333,79.05,70,3,12.86,clear sky
88,Ginda,IN,30.6945,78.4932,46.35,25,0,8.08,clear sky
89,Luwuk,ID,-0.9516,122.7875,81.32,81,77,0.34,broken clouds
90,Meulaboh,ID,4.1363,96.1285,75.31,95,100,4.14,light rain
91,Kavieng,PG,-2.5744,150.7967,82.33,75,92,4.94,moderate rain
92,Carnarvon,AU,-24.8667,113.6333,69.87,88,75,16.11,light rain
93,Lethem,GY,3.3803,-59.7968,82.54,68,99,9.86,overcast clouds
94,Vao,NC,-22.6667,167.4833,73.11,78,45,14.92,scattered clouds
95,Vestmanna,FO,62.1564,-7.1664,38.32,81,75,33.38,broken clouds
96,Polis,CY,35.0367,32.4264,62.42,78,48,19.77,scattered clouds
97,Ucluelet,CA,48.9329,-125.5528,47.08,86,98,0.36,overcast clouds
98,Aguililla,MX,18.7333,-102.7333,78.06,58,43,2.68,scattered clouds
99,Victoria,HK,22.2855,114.1577,74.32,87,65,5.99,broken clouds
100,Fenoarivo,MG,-18.933,47.4354,66.27,82,75,8.05,broken clouds
101,Codrington,AU,-38.2667,141.9667,58.55,61,27,10.69,scattered clouds
102,Tabou,CI,4.423,-7.3528,79.38,87,9,7.11,light rain
103,Lasa,IT,46.6166,10.7002,27.34,52,17,1.45,few clouds
104,Hobart,AU,-42.8794,147.3294,61.11,66,20,1.01,few clouds
105,Monroe,US,43.1501,-77.6831,43.5,62,90,6.91,overcast clouds
106,Punta Arenas,CL,-53.15,-70.9167,44.71,53,40,28.77,scattered clouds
107,Kaitangata,NZ,-46.2817,169.8464,61.68,62,100,5.61,light rain
108,Yerbogachen,RU,61.2767,108.0108,-0.27,96,100,2.53,overcast clouds
109,Chokurdakh,RU,70.6333,147.9167,-15.27,100,87,6.04,overcast clouds
110,Butaritari,KI,3.0707,172.7902,81.57,68,100,13.24,overcast clouds
111,Puebla,MX,18.8333,-98.0,69.08,44,15,10.22,few clouds
112,Puerto Ayora,EC,-0.7393,-90.3518,69.75,79,66,10.67,broken clouds
113,Gusau,NG,12.1628,6.6614,77.41,18,4,7.09,clear sky
114,Zhangye,CN,38.9342,100.4517,20.46,68,89,1.41,overcast clouds
115,Petrovskoye,RU,57.0104,39.2693,32.41,97,87,14.47,light snow
116,Bilma,NE,18.6853,12.9164,77.13,23,31,4.7,scattered clouds
117,Pisco,PE,-13.7,-76.2167,68.05,77,20,17.27,few clouds
118,Kamenka,RU,51.3223,42.7678,36.75,87,100,22.19,overcast clouds
119,Nikolskoye,RU,59.7035,30.7861,37.29,84,42,9.69,scattered clouds
120,New Norfolk,AU,-42.7826,147.0587,60.93,59,22,1.01,few clouds
121,Kutum,SD,14.2,24.6667,62.76,30,0,7.78,clear sky
122,Kabanjahe,ID,3.1001,98.4908,61.56,95,100,1.16,light rain
123,Maryborough,AU,-25.5333,152.7,80.6,48,100,6.38,overcast clouds
124,Cooma,AU,-36.2333,149.1333,53.37,82,90,10.36,overcast clouds
125,Kampot,KH,10.6167,104.1833,78.85,89,85,3.4,overcast clouds
126,Muli,MV,2.9167,73.5667,81.07,78,73,16.33,broken clouds
127,Bantry,IE,51.6833,-9.45,44.08,81,78,8.05,broken clouds
128,Sitka,US,57.0531,-135.33,31.46,85,100,12.33,light snow
129,Isangel,VU,-19.55,169.2667,82.51,69,75,6.91,broken clouds
130,Cabedelo,BR,-6.9811,-34.8339,79.47,74,100,12.24,overcast clouds
131,Verkhnevilyuysk,RU,63.4453,120.3167,-24.77,100,94,1.7,overcast clouds
132,Jinji,CN,23.2281,110.8261,67.46,96,74,2.17,broken clouds
133,Atasu,KZ,48.6814,71.6433,10.8,78,100,7.0,overcast clouds
134,Egvekinot,RU,66.3167,-179.1667,-0.89,67,0,8.25,clear sky
135,Mecca,SA,21.4267,39.8261,73.89,58,64,6.71,broken clouds
136,Nelson Bay,AU,-32.7167,152.15,64.99,95,100,1.99,light rain
137,Kahului,US,20.8947,-156.47,88.86,74,11,13.0,few clouds
138,Yarim,YE,14.298,44.3779,52.12,65,7,0.36,clear sky
139,Bumba,CD,2.1833,22.4667,71.02,96,93,1.32,overcast clouds
140,Sao Benedito Do Rio Preto,BR,-3.3336,-43.5283,79.38,78,37,4.16,scattered clouds
141,Tura,IN,25.5198,90.2201,61.54,75,13,2.3,few clouds
142,Anadyr,RU,64.75,177.4833,-16.01,82,58,8.12,broken clouds
143,Gondar,ET,12.6,37.4667,55.74,61,7,4.83,clear sky
144,Saskylakh,RU,71.9167,114.0833,-26.5,99,78,5.26,broken clouds
145,Panguna,PG,-6.3164,155.4848,76.48,72,97,3.04,overcast clouds
146,Nanlong,CN,31.3533,106.0631,52.56,57,100,9.95,overcast clouds
147,Ponta Do Sol,PT,32.6667,-17.1,64.71,54,100,5.3,overcast clouds
148,Tuatapere,NZ,-46.1333,167.6833,58.14,76,100,3.76,light rain
149,Pacific Grove,US,36.6177,-121.9166,72.61,67,1,5.01,clear sky
150,Katsuura,JP,35.1333,140.3,57.18,68,29,7.76,scattered clouds
151,Qaanaaq,GL,77.484,-69.3632,-8.05,72,0,6.78,clear sky
152,Dzhebariki-Khaya,RU,62.2167,135.8,-29.04,100,96,1.36,overcast clouds
153,Upernavik,GL,72.7868,-56.1549,7.07,75,96,8.7,overcast clouds
154,Kirovsk,UA,48.6375,38.6428,39.47,66,75,18.45,broken clouds
155,Maragogi,BR,-9.0122,-35.2225,78.82,79,18,12.28,few clouds
156,Northam,GB,51.0333,-4.2167,51.26,91,96,18.14,light rain
157,Plaridel,PH,14.8872,120.8572,80.85,80,100,5.03,moderate rain
158,Tiksi,RU,71.6872,128.8694,-8.52,91,99,6.53,overcast clouds
159,Dutlwe,BW,-23.9833,23.9,70.92,65,92,21.99,light rain
160,Hermanus,ZA,-34.4187,19.2345,61.81,76,100,19.26,overcast clouds
161,Douglas,US,41.3,-96.167,55.58,36,1,6.91,clear sky
162,Kitimat,CA,54.0524,-128.6534,41.92,29,100,1.01,light rain
163,Msanga,TZ,-6.05,36.0333,70.27,58,90,8.34,overcast clouds
164,Aquiraz,BR,-3.9014,-38.3911,85.21,64,94,13.27,overcast clouds
165,Collierville,US,35.042,-89.6645,58.78,48,1,0.0,clear sky
166,Castro,BR,-24.7911,-50.0119,59.52,90,26,7.25,scattered clouds
167,Nome,US,64.5011,-165.4064,8.67,57,1,10.36,clear sky
168,Thompson,CA,55.7435,-97.8558,15.21,81,89,10.29,overcast clouds
169,Lebu,CL,-37.6167,-73.65,54.86,87,8,16.73,clear sky
170,Portoferraio,IT,42.8115,10.3146,54.09,71,3,6.26,clear sky
171,Yakima,US,46.4665,-120.6678,47.91,77,1,5.75,clear sky
172,Hovd,MN,48.0056,91.6419,6.44,37,5,1.39,clear sky
173,Amboise,FR,47.4125,0.9827,39.74,96,90,3.44,overcast clouds
174,Hithadhoo,MV,-0.6,73.0833,79.45,84,100,15.55,overcast clouds
175,Teofilo Otoni,BR,-17.8575,-41.5053,70.34,98,100,2.21,overcast clouds
176,Leh,IN,34.1667,77.5833,15.48,59,1,2.53,clear sky
177,Beringovskiy,RU,63.05,179.3167,-1.05,93,43,8.25,scattered clouds
178,Hamilton,US,39.1834,-84.5333,50.94,57,90,0.0,overcast clouds
179,Asilah,MA,35.465,-6.0348,57.16,82,58,8.77,broken clouds
180,Sorland,NO,67.667,12.6934,36.52,63,100,30.87,overcast clouds
181,Bredasdorp,ZA,-34.5322,20.0403,61.29,78,100,17.25,overcast clouds
182,Biak,ID,-0.9131,122.8766,79.2,80,76,0.72,broken clouds
183,Sombrio,BR,-29.1139,-49.6167,63.93,79,0,5.79,clear sky
184,Barrow,US,71.2906,-156.7887,1.42,78,40,8.05,scattered clouds
185,Kizukuri,JP,40.8061,140.3861,43.11,75,76,4.56,broken clouds
186,Freeport,US,40.6576,-73.5832,46.38,65,1,4.0,clear sky
187,Byron Bay,AU,-28.65,153.6167,76.05,77,100,1.43,moderate rain
188,Lorengau,PG,-2.0226,147.2712,84.92,63,23,3.44,few clouds
189,Santa Flavia,IT,38.085,13.5351,59.38,81,0,1.99,clear sky
190,Usak,TR,38.5,29.4167,38.19,70,7,9.22,clear sky
191,Sola,VU,-13.8833,167.55,80.38,74,100,11.59,overcast clouds
192,Virginia Beach,US,36.8529,-75.978,50.02,75,84,2.53,broken clouds
193,Riberalta,BO,-10.9833,-66.1,75.45,90,64,1.79,broken clouds
194,Cascais,PT,38.6979,-9.4215,58.05,76,90,8.01,overcast clouds
195,Deputatskiy,RU,69.3,139.9,-7.44,98,100,2.55,overcast clouds
196,Waingapu,ID,-9.6567,120.2641,82.71,72,100,1.5,overcast clouds
197,Ribeira Grande,PT,38.5167,-28.7,65.79,77,100,28.23,overcast clouds
198,Chengde,CN,40.9725,117.9361,32.65,71,58,2.91,broken clouds
199,Barillas,GT,15.8036,-91.3158,73.74,90,97,1.95,overcast clouds
200,Aksay,RU,47.26,39.87,45.93,82,78,18.99,broken clouds
201,Pinheiro,BR,-2.5214,-45.0825,76.82,86,41,3.29,scattered clouds
202,Dikson,RU,73.5069,80.5464,-9.22,82,80,14.07,broken clouds
203,Khandbari,NP,27.3747,87.2039,56.71,89,37,1.39,scattered clouds
204,Saldanha,ZA,-33.0117,17.9442,62.65,79,73,13.6,broken clouds
205,Clyde River,CA,70.4692,-68.5914,2.26,95,100,5.08,overcast clouds
206,Fare,PF,-16.7,-151.0167,79.92,73,32,15.7,scattered clouds
207,Komsomolskiy,UZ,40.4272,71.7189,29.62,42,0,1.81,clear sky
208,Tilichiki,RU,60.4667,166.1,4.14,94,89,10.6,overcast clouds
209,Swan River,CA,52.1058,-101.2676,23.97,89,100,5.5,overcast clouds
210,Purpe,RU,64.4803,76.6897,3.85,94,100,16.02,overcast clouds
211,Nanortalik,GL,60.1432,-45.2371,36.21,98,100,7.96,moderate rain
212,Ahipara,NZ,-35.1667,173.1667,72.25,65,26,9.89,scattered clouds
213,Dryden,CA,49.7833,-92.7503,23.5,95,8,4.54,clear sky
214,Astorga,BR,-23.2325,-51.6656,79.2,57,66,4.0,broken clouds
215,Harer,ET,9.3094,42.1258,56.19,36,69,1.14,broken clouds
216,Namatanai,PG,-3.6667,152.4333,78.21,87,84,13.38,moderate rain
217,Uyuni,BO,-20.4597,-66.825,57.6,19,89,5.57,overcast clouds
218,Neepawa,CA,50.2289,-99.4664,33.82,77,94,18.21,overcast clouds
219,Pagudpud,PH,18.5616,120.7868,77.45,81,16,10.74,few clouds
220,Turbiv,UA,49.3479,28.7212,41.61,91,14,12.08,few clouds
221,Mitu,CO,1.1983,-70.1733,71.8,100,100,2.01,overcast clouds
222,Shingu,JP,33.7333,135.9833,58.19,73,48,5.23,scattered clouds
223,Edd,ER,13.9297,41.6925,81.81,56,3,5.79,clear sky
224,Lagoa,PT,39.05,-27.9833,64.6,75,99,24.0,overcast clouds
225,Hasaki,JP,35.7333,140.8333,50.4,60,95,8.5,overcast clouds
226,Eureka,US,40.8021,-124.1637,63.12,68,0,5.01,clear sky
227,Monrovia,LR,6.3005,-10.7969,74.97,81,51,6.33,broken clouds
228,Hohhot,CN,40.8106,111.6522,21.47,33,45,17.45,scattered clouds
229,Quatre Cocos,MU,-20.2078,57.7625,76.08,69,1,7.25,clear sky
230,Severo-Kurilsk,RU,50.6789,156.125,36.16,98,100,14.0,light rain
231,Mpanda,TZ,-6.3655,31.0409,70.45,68,93,3.6,overcast clouds
232,Unai,BR,-16.3575,-46.9061,71.58,95,96,5.03,heavy intensity rain
233,Saint-Joseph,RE,-21.3667,55.6167,72.21,71,4,3.53,clear sky
234,Meybod,IR,32.2501,54.0166,50.68,45,5,1.07,clear sky
235,Puerto Montt,CL,-41.4698,-72.9447,59.83,72,75,5.75,broken clouds
236,Wanning,CN,18.8003,110.3967,75.54,88,76,1.7,broken clouds
237,Ocos,GT,14.5094,-92.1933,85.32,74,79,4.56,broken clouds
238,Richards Bay,ZA,-28.783,32.0377,64.98,79,100,3.47,light rain
239,Umtata,ZA,-31.5889,28.7844,53.56,93,83,2.64,broken clouds
240,Faya,SA,18.3851,42.4509,50.52,54,0,4.21,clear sky
241,Samoded,RU,63.6083,40.5111,28.27,97,100,4.0,light snow
242,Mana,GF,5.6592,-53.7767,78.28,90,36,9.69,scattered clouds
243,Lure,FR,47.75,6.5,34.97,100,90,4.61,fog
244,Zdvinsk,RU,54.7021,78.661,13.96,82,100,11.83,overcast clouds
245,Smithers,CA,54.7804,-127.1743,36.64,94,100,1.45,overcast clouds
246,Dakar,SN,14.6937,-17.4441,77.88,80,72,18.14,broken clouds
247,Loa Janan,ID,-0.583,117.095,74.35,93,100,0.47,overcast clouds
248,Naze,JP,28.3667,129.4833,69.13,75,100,14.09,overcast clouds
249,Aklavik,CA,68.2191,-135.0107,0.41,95,100,3.2,overcast clouds
250,Mount Gambier,AU,-37.8333,140.7667,58.78,54,30,7.25,scattered clouds
251,Labuhan,ID,-6.8844,112.2051,78.96,84,99,4.23,overcast clouds
252,Soyo,AO,-6.1349,12.3689,78.06,81,97,5.93,overcast clouds
253,Asau,RO,46.4333,26.4,42.96,65,35,6.06,scattered clouds
254,Saint George,US,37.1041,-113.5841,70.63,23,1,1.99,clear sky
255,Tromso,NO,69.6496,18.957,28.42,74,75,1.01,light shower snow
256,Narsaq,GL,60.9167,-46.05,34.02,100,100,1.86,moderate rain
257,Faanui,PF,-16.4833,-151.75,80.55,74,25,17.58,scattered clouds
258,Kidal,ML,18.4411,1.4078,76.78,24,3,11.83,clear sky
259,Ayan,RU,56.45,138.1667,7.92,75,96,15.5,overcast clouds
260,Maceio,BR,-9.6658,-35.7353,79.74,76,11,13.38,few clouds
261,Sande,DE,53.5049,8.0142,49.05,85,100,14.12,overcast clouds
262,Tucuman,AR,-26.8241,-65.2226,76.98,50,96,1.25,overcast clouds
263,Santa Cruz De Tenerife,ES,28.4682,-16.2546,65.71,84,0,3.44,clear sky
264,Balkhash,KZ,46.844,74.9804,20.7,80,91,14.34,overcast clouds
265,Inuvik,CA,68.3499,-133.7218,-1.19,98,100,4.25,overcast clouds
266,Half Moon Bay,US,37.4636,-122.4286,71.06,51,1,1.99,clear sky
267,Carutapera,BR,-1.195,-46.02,79.43,82,10,8.1,clear sky
268,Belogorsk,RU,50.9158,128.4611,0.01,97,100,3.2,overcast clouds
269,Rio Grande,BR,-32.035,-52.0986,66.38,74,1,9.69,light rain
270,Semey,KZ,50.4111,80.2275,13.86,68,62,18.21,broken clouds
271,Hermiston,US,45.8404,-119.2895,51.8,73,1,5.75,clear sky
272,Ahuimanu,US,21.4447,-157.8378,85.71,60,40,14.97,scattered clouds
273,Yumen,CN,40.2833,97.2,16.12,61,0,7.87,clear sky
274,Adrar,MR,20.5022,-10.0711,79.61,24,99,7.25,overcast clouds
275,Bethel,US,41.3712,-73.414,42.76,55,1,0.0,clear sky
276,Kemijarvi,FI,66.7131,27.4306,25.95,81,89,10.47,snow
277,Namwala,ZM,-15.7504,26.4384,68.92,70,99,3.22,light rain
278,Siderno,IT,38.2779,16.302,60.78,78,8,6.91,clear sky
279,Iqaluit,CA,63.7506,-68.5145,11.77,87,100,14.81,overcast clouds
280,Mitsamiouli,KM,-11.3847,43.2844,78.94,78,7,9.13,light rain
281,Bastia,FR,42.6667,9.3333,56.3,80,0,9.22,clear sky
282,Lukovetskiy,RU,64.2956,41.9211,28.38,98,100,3.29,light snow
283,Montepuez,MZ,-13.1256,38.9997,69.49,89,4,6.24,clear sky
284,Chara,RU,56.9064,118.2631,0.0,98,100,0.43,overcast clouds
285,Port Augusta,AU,-32.5,137.7667,62.71,56,0,13.58,clear sky
286,Norman Wells,CA,65.282,-126.8329,-4.07,100,93,2.55,overcast clouds
287,Beidao,CN,34.5686,105.8933,35.24,49,100,4.25,overcast clouds
288,Giresun,TR,40.5,38.5,20.52,89,100,2.71,overcast clouds
289,Betma,IN,22.6833,75.6167,67.23,48,44,6.51,scattered clouds
290,Teya,RU,60.3778,92.6267,-1.77,93,100,3.02,overcast clouds
291,Davila,PH,18.4726,120.5763,78.82,75,16,9.89,few clouds
292,Payo,ID,-3.7508,103.6372,71.98,95,91,1.07,overcast clouds
293,Pangnirtung,CA,66.1451,-65.7125,4.93,84,81,3.67,broken clouds
294,Liverpool,GB,53.4106,-2.9779,49.95,80,20,8.01,few clouds
295,Gat,IL,31.61,34.7642,60.4,74,90,0.85,overcast clouds
296,Warrington,GB,53.3925,-2.5802,49.26,84,95,1.01,overcast clouds
297,Beloha,MG,-25.1667,45.05,71.96,84,82,6.73,broken clouds
298,Nueva Italia,PY,-25.6167,-57.5,78.03,54,9,6.08,clear sky
299,Kumbo,CM,6.2,10.6667,60.31,79,12,3.6,few clouds
300,San Jose De Guanipa,VE,8.8872,-64.1651,81.91,61,98,10.13,overcast clouds
301,Gamba,GA,-2.65,10.0,74.93,92,100,5.06,overcast clouds
302,Ambon,ID,-3.6954,128.1814,78.94,89,20,5.75,few clouds
303,Viedma,AR,-40.8135,-62.9967,77.32,24,7,5.84,clear sky
304,Bengkulu,ID,-3.8004,102.2655,75.43,87,100,3.58,overcast clouds
305,Decin,CZ,50.7822,14.2148,48.76,94,23,3.4,few clouds
306,Havre-Saint-Pierre,CA,50.2334,-63.5986,32.65,59,5,9.84,clear sky
307,Chimbote,PE,-9.0853,-78.5783,65.7,83,72,10.58,broken clouds
308,Odweyne,SO,9.4092,45.064,66.78,40,29,2.28,scattered clouds
309,Kumylzhenskaya,RU,49.8809,42.5898,40.98,74,100,21.0,overcast clouds
310,Sinnamary,GF,5.3833,-52.95,79.16,84,42,9.44,scattered clouds
311,Rawson,AR,-43.3002,-65.1023,74.08,35,57,30.89,broken clouds
312,Katherine,AU,-14.4667,132.2667,88.12,62,68,6.91,broken clouds
313,Umm Lajj,SA,25.0213,37.2685,73.9,51,11,8.79,few clouds
314,Seoul,KR,37.5683,126.9778,49.44,93,75,2.3,fog
315,Bapatla,IN,15.9,80.4667,76.96,91,75,5.44,broken clouds
316,Souillac,MU,-20.5167,57.5167,76.35,73,0,7.74,clear sky
317,Shache,CN,38.4167,77.2406,28.56,44,0,2.46,clear sky
318,Atambua,ID,-9.1061,124.8925,79.72,77,58,0.43,broken clouds
319,Puerto Escondido,MX,15.85,-97.0667,83.23,69,20,4.61,few clouds
320,Mastung,PK,29.7994,66.845,41.59,33,0,1.16,clear sky
321,Batagay,RU,67.6333,134.6333,-18.13,100,98,1.66,overcast clouds
322,Torbay,CA,47.6666,-52.7314,39.27,88,11,1.01,few clouds
323,Lata,PT,40.1629,-8.3327,58.82,81,77,4.27,broken clouds
324,Ramos Arizpe,MX,25.55,-100.9667,77.29,44,1,9.22,clear sky
325,Buraydah,SA,26.326,43.975,60.44,37,7,6.13,clear sky
326,Le Port,RE,-20.9373,55.2919,73.62,81,16,4.38,light rain
327,Sisimiut,GL,66.9395,-53.6735,32.27,97,100,34.45,snow
328,Nagar Karnul,IN,16.4821,78.3247,70.92,96,88,7.49,overcast clouds
329,Shirpur,IN,21.35,74.8833,76.21,51,66,5.01,broken clouds
330,Raga,SS,8.4596,25.678,77.63,24,12,7.54,few clouds
331,Nishihara,JP,26.1842,127.7558,74.86,78,40,6.91,scattered clouds
332,Boyolangu,ID,-8.1181,111.8935,76.75,85,96,0.38,overcast clouds
333,Salalah,OM,17.0151,54.0924,75.29,64,0,4.61,clear sky
334,Chapais,CA,49.7834,-74.8492,29.98,95,100,12.15,light snow
335,Kedougou,SN,12.5579,-12.1743,79.9,27,1,2.13,clear sky
336,Chissamba,AO,-12.1667,17.3333,63.77,92,100,0.38,overcast clouds
337,Longyearbyen,SJ,78.2186,15.6401,8.44,72,40,9.22,scattered clouds
338,Tommot,RU,58.9564,126.2925,-20.04,100,90,0.83,overcast clouds
339,Aksha,RU,50.2814,113.2867,14.85,85,100,4.74,overcast clouds
340,Husavik,IS,66.0449,-17.3389,21.09,84,100,12.46,overcast clouds
341,Port Dover,CA,42.7834,-80.1997,42.6,75,100,15.35,overcast clouds
342,Luganville,VU,-15.5333,167.1667,82.47,70,100,3.44,light rain
343,Kimbe,PG,-5.5502,150.1429,84.74,70,48,0.78,light rain
344,Komyshuvakha,UA,47.7176,35.5288,38.34,72,98,12.06,overcast clouds
345,Korla,CN,41.7597,86.1469,26.44,58,0,3.91,clear sky
346,Dunedin,NZ,-45.8742,170.5036,61.09,61,97,4.23,light rain
347,Amapa,BR,1.0,-52.0,74.55,94,99,3.49,light rain
348,La Ronge,CA,55.1001,-105.2842,16.02,79,75,14.97,light shower snow
349,Sao Jose De Ribamar,BR,-2.5619,-44.0542,82.78,80,8,11.86,clear sky
350,Portland,US,45.5234,-122.6762,54.01,68,40,1.01,scattered clouds
351,Robertsport,LR,6.7533,-11.3686,82.11,79,49,7.87,scattered clouds
352,Tiarei,PF,-17.5333,-149.3333,86.02,68,2,14.7,clear sky
353,Murmansk,RU,68.0,34.0,25.61,94,100,7.96,light snow
354,Khatanga,RU,71.9667,102.5,-20.51,100,100,4.5,overcast clouds
355,Talnakh,RU,69.4865,88.3972,-19.39,93,28,9.46,scattered clouds
356,Romitan,UZ,39.9343,64.3814,37.35,81,0,6.91,clear sky
357,Sergeyevka,KZ,53.88,67.4158,17.85,83,100,12.21,overcast clouds
358,Road Town,VG,18.4167,-64.6167,80.69,78,75,9.22,broken clouds
359,Cidreira,BR,-30.1811,-50.2056,66.04,72,0,14.52,clear sky
360,Kenai,US,60.5544,-151.2583,16.14,76,1,16.11,clear sky
361,Pandan,PH,14.0453,124.1694,80.64,86,44,4.92,scattered clouds
362,Port Hedland,AU,-20.3167,118.5667,82.45,65,99,5.75,overcast clouds
363,Touros,BR,-5.1989,-35.4608,79.7,73,98,13.11,overcast clouds
364,Flagstaff,US,35.1981,-111.6513,59.32,25,1,5.99,clear sky
365,Santiago Del Estero,AR,-27.7951,-64.2615,83.46,29,28,7.36,scattered clouds
366,San Juan De Flores,HN,14.2667,-87.0333,78.48,78,88,5.06,overcast clouds
367,Zarubino,RU,42.63,131.0922,35.01,60,100,11.92,overcast clouds
368,Srednekolymsk,RU,67.45,153.6833,-21.5,100,76,4.59,broken clouds
369,Santa Marta,CO,11.2408,-74.199,79.68,85,100,11.92,overcast clouds
370,Veere,NL,51.5483,3.6667,51.78,65,90,1.99,overcast clouds
371,Te Anau,NZ,-45.4167,167.7167,52.41,92,100,1.21,heavy intensity rain
372,Umba,RU,66.6871,34.3429,28.99,88,97,10.51,overcast clouds
373,Madang,PG,-5.2246,145.7966,80.1,87,99,3.96,overcast clouds
374,Port Hardy,CA,50.6996,-127.4199,44.73,85,100,10.92,light rain
375,Estevan,CA,49.1334,-102.9842,43.14,58,92,17.31,overcast clouds
376,Sept-Iles,CA,50.2001,-66.3821,32.05,76,41,5.01,scattered clouds
377,La Palma,US,33.8464,-118.0467,76.5,70,1,5.01,haze
378,Lompoc,US,34.6391,-120.4579,76.01,71,1,12.66,clear sky
379,Ust-Tsilma,RU,65.441,52.1498,25.92,95,100,7.0,light snow
380,Voiron,FR,45.3639,5.5921,52.27,82,0,3.51,clear sky
381,Opuwo,NA,-18.0607,13.84,70.34,26,10,5.66,clear sky
382,Ostuni,IT,40.7276,17.5764,57.25,88,11,10.25,few clouds
383,Kajaani,FI,64.2273,27.7285,24.85,93,90,6.91,overcast clouds
384,Tequila,MX,20.8833,-103.8333,84.18,32,0,1.41,clear sky
385,Los Llanos De Aridane,ES,28.6585,-17.9182,65.95,68,20,5.01,few clouds
386,Ihosy,MG,-22.4,46.1167,68.92,85,33,6.38,scattered clouds
387,Chernigovka,RU,44.3389,132.5728,27.05,79,67,4.05,broken clouds
388,Astoria,US,46.1879,-123.8313,51.85,77,40,1.01,scattered clouds
389,Kodinsk,RU,58.6881,99.1844,3.13,98,100,3.11,overcast clouds
390,Kattivakkam,IN,13.2167,80.3167,77.09,92,66,5.53,broken clouds
391,Laibin,CN,23.7,109.2667,67.42,97,100,3.6,overcast clouds
392,Olafsvik,IS,64.8945,-23.7142,34.81,87,100,13.18,light rain
393,Poum,NC,-20.2333,164.0167,76.59,72,1,14.05,clear sky
394,Svay Rieng,KH,11.0879,105.7993,76.24,90,84,1.39,broken clouds
395,Nago,JP,26.5881,127.9761,75.63,75,61,11.54,broken clouds
396,Peringat,MY,6.0333,102.2833,74.75,95,100,1.9,overcast clouds
397,Ardatov,RU,55.2421,43.097,30.45,85,100,20.62,overcast clouds
398,Ardesen,TR,41.1911,40.9875,51.76,83,100,2.21,overcast clouds
399,Dali,CN,25.7,100.1833,46.4,90,2,3.24,clear sky
400,Teguise,ES,29.0605,-13.564,59.22,77,20,5.75,few clouds
401,Vestmannaeyjar,IS,63.4427,-20.2734,33.94,66,99,15.55,light snow
402,Karema,TZ,-6.8205,30.4389,74.14,72,81,3.89,broken clouds
403,Asyut,EG,27.181,31.1837,62.55,51,6,9.78,clear sky
404,Luba,GQ,3.4568,8.5547,79.88,83,50,3.83,scattered clouds
405,Pahrump,US,36.2083,-115.9839,73.26,21,100,5.01,overcast clouds
406,Hopatcong,US,40.9329,-74.6593,41.68,65,100,1.01,overcast clouds
407,Springfield,US,37.2153,-93.2982,57.67,48,1,7.0,clear sky
408,Cochrane,CA,51.1834,-114.4687,22.75,62,62,10.0,broken clouds
409,Mayo,US,38.8876,-76.5119,45.99,67,100,1.01,overcast clouds
410,Fukue,JP,32.6881,128.8419,66.38,62,100,9.53,overcast clouds
411,Povolzhskiy,RU,53.5854,49.7629,33.42,99,100,14.85,light snow
412,Vardo,NO,70.3705,31.1107,31.51,66,92,29.84,light snow
413,Adelaide,AU,-34.9333,138.6,63.21,54,90,4.0,overcast clouds
414,Skibbereen,IE,51.55,-9.2667,44.4,74,80,10.98,broken clouds
415,Tikapur,NP,28.5,81.1333,60.89,65,0,3.09,clear sky
416,Fortuna,US,40.5982,-124.1573,64.18,66,1,1.01,clear sky
417,Vanavara,RU,60.34,102.2797,-11.36,99,96,2.66,overcast clouds
418,Mihai Bravu,RO,44.1406,26.0628,44.89,88,0,5.86,clear sky
419,Guzelyurt,TR,38.2772,34.3719,32.79,89,20,4.47,few clouds
420,Cap Malheureux,MU,-19.9842,57.6142,76.46,71,2,5.01,clear sky
421,Saint-Georges,GD,12.0564,-61.7485,78.98,74,99,10.71,overcast clouds
422,Santa Fe,AR,-31.6333,-60.7,82.98,46,0,1.99,light rain
423,Tocopilla,CL,-22.092,-70.1979,66.58,63,29,4.97,scattered clouds
424,Itanhaem,BR,-24.1831,-46.7889,72.25,86,100,6.58,overcast clouds
425,Sengiley,RU,53.9622,48.7944,36.57,98,100,14.85,overcast clouds
426,Proletarsk,RU,46.7031,41.7192,46.26,73,99,20.51,overcast clouds
427,Aksu,CN,41.1231,80.2644,27.48,47,0,3.13,clear sky
428,Santa Rosa,PH,14.3122,121.1114,80.85,85,99,7.38,overcast clouds
429,Bahia Blanca,AR,-38.7196,-62.2724,82.96,23,56,10.31,broken clouds
430,Hargeysa,SO,9.56,44.065,63.36,57,47,2.77,scattered clouds
431,Dwarka,IN,22.2394,68.9678,78.33,77,15,11.7,few clouds
432,Omboue,GA,-1.5746,9.2618,75.52,95,100,5.88,moderate rain
433,Bambous Virieux,MU,-20.3428,57.7575,76.21,69,1,7.67,clear sky
434,Lidkoping,SE,58.5052,13.1577,42.82,97,100,4.05,overcast clouds
435,Champasak,LA,14.75,106.0,71.04,97,85,0.58,overcast clouds
436,Babol,IR,36.5513,52.679,51.22,66,33,4.43,scattered clouds
437,Keetmanshoop,NA,-26.5833,18.1333,67.73,34,34,9.62,scattered clouds
438,Karlshamn,SE,56.1706,14.8619,48.69,85,100,16.62,overcast clouds
439,Luderitz,NA,-26.6481,15.1594,58.51,92,1,14.47,clear sky
440,Airai,TL,-8.9266,125.4092,68.2,75,38,0.87,scattered clouds
441,Manjacaze,MZ,-24.7117,33.8828,68.68,86,90,4.36,overcast clouds
442,Basoko,CD,1.2391,23.616,71.11,95,59,2.3,light rain
443,Shimoda,JP,34.6667,138.95,55.11,75,51,8.43,broken clouds
444,Victor Harbor,AU,-35.5667,138.6167,63.81,73,85,11.63,overcast clouds
445,Haljala,EE,59.4336,26.2614,35.71,84,36,10.27,scattered clouds
446,Avera,US,33.194,-82.5271,56.86,47,8,7.16,clear sky
447,Tatawin,TN,32.9297,10.4518,55.62,89,63,2.44,broken clouds
448,Pasni,PK,25.2631,63.471,71.11,30,0,12.66,clear sky
449,Hof,DE,50.3167,11.9167,42.46,90,90,12.66,overcast clouds
450,El Cope,PA,8.6167,-80.6,69.85,82,86,5.08,overcast clouds
451,Thinadhoo,MV,0.5333,72.9333,80.78,81,100,16.91,overcast clouds
452,Milkovo,RU,54.7167,158.6167,33.26,75,100,20.09,overcast clouds
453,Jabinyanah,TN,35.035,10.9081,61.09,73,51,2.33,broken clouds
454,Paris,FR,48.8534,2.3488,45.77,94,90,2.3,mist
455,Bambanglipuro,ID,-7.95,110.2833,77.5,86,82,2.13,broken clouds
456,Sterling,US,39.0062,-77.4286,44.8,64,75,5.75,broken clouds
457,Ulagan,RU,50.6321,87.9563,-2.96,88,27,2.8,scattered clouds
458,Gisborne,NZ,-38.6533,178.0042,76.95,48,26,6.98,scattered clouds
459,Alice Springs,AU,-23.7,133.8833,72.95,60,90,14.97,overcast clouds
460,Chicama,PE,-7.8447,-79.1469,63.14,74,95,8.63,overcast clouds
461,Killybegs,IE,54.6333,-8.45,45.45,61,19,18.72,few clouds
462,Chacabuco,AR,-34.6417,-60.4739,83.84,34,0,7.07,clear sky
463,Taboshar,TJ,40.5686,69.6413,23.32,19,0,7.94,clear sky
464,Sehithwa,BW,-20.4667,22.7167,77.05,50,87,7.16,light rain
465,Sandnessjoen,NO,66.0217,12.6316,37.38,89,90,8.99,light rain
466,Goderich,CA,43.7501,-81.7165,38.91,89,100,19.48,overcast clouds
467,Guerrero Negro,MX,27.9769,-114.0611,67.26,69,94,15.12,overcast clouds
468,Nadym,RU,65.5333,72.5167,6.98,94,100,17.22,overcast clouds
469,Palora,EC,-1.7,-77.9333,75.18,97,100,2.01,light rain
470,Mount Isa,AU,-20.7333,139.5,89.37,45,13,8.05,few clouds
471,Kaduy,RU,59.2,37.15,31.39,96,98,9.22,light snow
472,Yinchuan,CN,38.4681,106.2731,26.96,28,0,11.12,clear sky
473,Dingle,PH,10.9995,122.6711,78.64,89,54,3.85,broken clouds
474,Bardiyah,LY,31.7561,25.0865,62.4,69,76,15.23,broken clouds
475,Wanaka,NZ,-44.7,169.15,53.26,81,100,2.55,light rain
476,Sambava,MG,-14.2667,50.1667,74.5,80,29,3.4,scattered clouds
477,Guilin,CN,25.2819,110.2864,61.41,95,100,5.28,overcast clouds
478,Kupang,ID,-10.1667,123.5833,82.94,74,96,2.24,overcast clouds
479,Morro Bay,US,35.3658,-120.8499,74.98,61,95,5.01,overcast clouds
480,Varnavino,RU,57.4035,45.0916,30.02,97,100,8.32,snow
481,Fredericton,CA,45.9454,-66.6656,27.01,85,6,3.04,clear sky
482,Poya,NC,-21.35,165.15,79.36,63,88,8.3,overcast clouds
483,Griffith,US,41.5284,-87.4237,49.39,65,1,4.61,clear sky
484,Chama,CH,47.1821,8.4636,45.05,94,90,5.75,mist
485,Atar,MR,20.5169,-13.0499,83.82,21,100,2.42,overcast clouds
486,Sturlic,BA,45.0639,15.7781,40.42,89,0,1.68,clear sky
487,Kabinda,CD,-6.1333,24.4833,65.03,95,90,4.47,light rain
488,Tari,NG,12.4086,4.4914,79.88,15,13,9.46,few clouds
489,Manzhouli,CN,49.6,117.4333,16.52,93,100,8.16,light snow
490,Hurghada,EG,27.2574,33.8129,66.83,44,13,14.16,few clouds
491,Tessalit,ML,20.1986,1.0114,73.56,27,57,9.73,broken clouds
492,Grand-Santi,GF,4.25,-54.3833,77.85,76,99,2.19,moderate rain
493,Leningradskiy,RU,69.3833,178.4167,-11.69,86,3,3.22,clear sky
494,Pundaguitan,PH,6.3711,126.1689,83.21,72,80,2.82,broken clouds
495,Delijan,IR,33.9905,50.6838,49.69,47,93,1.19,overcast clouds
496,Bud,US,39.447,-86.1758,48.29,64,80,7.25,broken clouds
497,Tautira,PF,-17.7333,-149.15,86.02,67,13,12.91,few clouds
498,Zeya,RU,53.75,127.2667,9.1,68,100,3.8,overcast clouds
499,Anchorage,US,61.2181,-149.9003,11.64,73,1,5.01,clear sky
500,Yulara,AU,-25.2406,130.9889,67.84,64,75,18.41,broken clouds
501,Catamarca,AR,-28.4696,-65.7852,82.04,43,4,20.76,clear sky
502,Surab,PK,28.4914,66.2585,41.83,29,0,2.51,clear sky
503,Coquimbo,CL,-29.9533,-71.3436,58.73,82,40,9.22,scattered clouds
504,Igboho,NG,8.8333,3.75,77.58,38,2,4.85,clear sky
505,Nantucket,US,41.2835,-70.0995,42.91,67,1,5.75,clear sky
506,Derzhavinsk,KZ,51.1,66.3167,16.59,91,100,8.81,overcast clouds
507,Nagornyy,RU,52.7959,83.5498,18.75,87,87,3.8,overcast clouds
508,Hirara,JP,24.8,125.2833,76.98,68,18,7.87,few clouds
509,Adana,TR,36.985,35.2881,55.42,71,40,0.0,scattered clouds
510,Petersburg,US,37.2279,-77.4019,45.72,81,1,0.0,clear sky
511,Sainte-Suzanne,RE,-20.9061,55.6089,73.85,73,75,6.91,light rain
512,Mao,ES,39.8885,4.2658,61.36,88,40,6.91,scattered clouds
513,Urcos,PE,-13.6861,-71.6228,58.89,75,93,3.44,overcast clouds
514,Kirakira,SB,-10.4544,161.9205,84.65,67,22,6.24,few clouds
515,Severomorsk,RU,69.0689,33.4162,28.8,74,100,17.29,overcast clouds
516,Qaqortoq,GL,60.7167,-46.0333,34.3,99,100,3.56,moderate rain
517,Kodino,RU,63.7198,39.6447,27.64,96,100,4.94,light snow
518,Ion Corvin,RO,44.1167,27.8,45.7,85,10,3.02,clear sky
519,Krasnoselkup,RU,65.7,82.4667,-2.4,92,100,20.76,overcast clouds
520,Samarai,PG,-10.6167,150.6667,82.24,78,29,10.67,scattered clouds
521,Aksarka,RU,66.5606,67.7975,13.14,95,100,9.22,light snow
522,Srandakan,ID,-7.9386,110.2506,77.56,86,81,2.3,broken clouds
523,Salto Del Guaira,PY,-24.0625,-54.3069,78.1,66,27,4.54,scattered clouds
524,Kerewan,GM,13.4898,-16.0888,78.91,45,5,4.18,clear sky
525,Chernyshevskiy,RU,63.0128,112.4714,-19.39,100,100,1.43,overcast clouds
526,Bourail,NC,-21.5667,165.4833,77.61,64,97,8.84,overcast clouds
527,Iskateley,RU,67.6803,53.1512,18.9,96,95,8.39,overcast clouds
528,Praia Da Vitoria,PT,38.7333,-27.0667,66.76,79,98,25.32,overcast clouds
529,Naples,IT,40.8333,14.25,58.77,83,0,1.14,clear sky
530,Canto Do Buriti,BR,-8.11,-42.9444,84.54,46,65,1.32,broken clouds
531,Olinda,BR,-8.0089,-34.8553,80.33,78,40,5.75,scattered clouds
532,Weyburn,CA,49.6668,-103.8511,38.17,72,100,12.57,overcast clouds
533,Clarence Town,AU,-32.5833,151.7833,64.85,98,100,2.35,light rain
534,Sabha,LY,27.0377,14.4283,63.52,57,83,13.76,broken clouds
535,Kununurra,AU,-15.7667,128.7333,85.98,74,71,8.05,broken clouds
536,Cabrobo,BR,-8.5142,-39.31,89.82,23,51,9.91,broken clouds
537,Morbegno,IT,46.1383,9.57,47.82,62,6,4.09,clear sky
538,Ixtapa,MX,20.7,-105.2,83.43,61,1,10.36,clear sky
539,Ketchikan,US,55.3422,-131.6461,43.27,87,90,17.27,moderate rain
540,Agadez,NE,19.75,10.25,73.74,23,14,1.7,few clouds
541,Loiza,PR,18.4313,-65.8802,82.38,75,40,10.36,scattered clouds
542,Aguas Vermelhas,BR,-15.7472,-41.46,68.22,94,100,2.35,overcast clouds
543,Stornoway,GB,58.2093,-6.3865,42.76,82,75,5.01,broken clouds
544,Biu,NG,10.6129,12.1946,74.07,24,21,5.61,few clouds
545,Tuy Hoa,VN,13.0833,109.3,74.37,89,62,3.6,broken clouds
546,Santa Cruz Do Sul,BR,-29.7175,-52.4258,67.93,51,0,4.32,clear sky
547,Rosarito,MX,32.3333,-117.0333,71.58,68,100,7.92,overcast clouds
548,Basco,PH,20.4487,121.9702,80.42,69,13,14.79,few clouds
549,Bollnas,SE,61.3482,16.3946,31.39,80,11,5.14,few clouds
550,Lagunas,PE,-5.2269,-75.6753,80.04,71,73,2.59,broken clouds
551,Kuloy,RU,61.0305,42.4925,26.31,96,100,4.25,overcast clouds
552,Singaraja,ID,-8.112,115.0882,77.97,85,100,4.83,overcast clouds
553,Weligama,LK,5.9667,80.4167,75.61,81,73,9.26,broken clouds
554,Lufilufi,WS,-13.8745,-171.5986,89.38,76,40,15.55,scattered clouds
555,Shellbrook,CA,53.2168,-106.4011,18.63,88,98,14.52,overcast clouds
556,Shahr-E Babak,IR,30.1165,55.1186,47.82,56,3,5.3,clear sky
557,Paamiut,GL,61.994,-49.6678,29.7,90,97,11.1,light snow
558,Itarema,BR,-2.9248,-39.9167,81.07,78,90,18.07,overcast clouds
559,Leogane,HT,18.5108,-72.6339,82.6,72,53,3.58,broken clouds
560,Roald,NO,62.5833,6.1333,41.32,75,40,12.66,scattered clouds
561,Tevriz,RU,57.509,72.4042,20.55,80,100,10.0,overcast clouds
562,San Rafael,AR,-34.6177,-68.3301,85.89,22,30,5.61,scattered clouds
563,Rajur,IN,20.1167,78.9167,72.27,93,76,3.29,broken clouds
564,Tottori,JP,35.5,134.2333,46.47,76,0,8.05,clear sky
565,Ancud,CL,-41.8697,-73.8203,60.33,85,93,8.25,overcast clouds
566,Gonaives,HT,19.45,-72.6833,76.57,80,67,3.11,broken clouds
567,Moorhead,US,46.8739,-96.7676,35.98,69,1,1.01,clear sky
568,Albanel,CA,48.8832,-72.4487,32.14,74,98,6.91,overcast clouds
569,Zabol,AF,32.25,67.25,38.61,39,0,4.52,clear sky
570,Sligo,IE,54.2697,-8.4694,45.68,67,30,16.42,scattered clouds
571,Doha,QA,25.2867,51.5333,78.69,65,0,9.22,clear sky
572,Albemarle,US,35.3501,-80.2001,47.41,71,1,0.0,clear sky
573,Nemuro,JP,43.3236,145.575,38.03,70,57,9.24,broken clouds
574,Gornoye Loo,RU,43.7129,39.6049,47.98,88,100,9.4,overcast clouds
575,Safaga,EG,26.7292,33.9365,69.69,44,20,9.8,few clouds
576,Kirov,RU,58.5966,49.6601,27.9,98,100,5.39,light snow
577,Arinos,BR,-15.9169,-46.1056,73.96,83,100,2.17,light rain
578,Brownwood,US,31.7093,-98.9912,76.55,46,1,13.8,clear sky
579,Zyryanka,RU,65.75,150.85,-21.12,100,91,2.68,overcast clouds
580,Alyangula,AU,-13.8483,136.4192,85.82,60,70,12.21,broken clouds
581,Suntar,RU,62.1444,117.6319,-13.81,99,100,1.79,overcast clouds
582,Autazes,BR,-3.5797,-59.1306,76.01,94,96,1.5,light rain
583,Malaya Serdoba,RU,52.4661,44.9512,32.09,96,100,19.15,light snow
584,Ravar,IR,31.2656,56.8055,50.76,38,0,1.01,clear sky
585,Bonthe,SL,7.5264,-12.505,79.93,84,54,6.87,light rain
586,Saint Anthony,US,45.0205,-93.218,40.93,55,1,0.0,clear sky
587,Salumbar,IN,24.1333,74.05,67.71,89,24,6.53,few clouds
588,Basse,DE,52.5518,9.5069,49.19,89,75,16.11,broken clouds
589,Umm Kaddadah,SD,13.6017,26.6876,68.05,27,0,12.73,clear sky
590,Charters Towers,AU,-20.1,146.2667,80.44,44,2,13.31,clear sky
591,Muzhi,RU,65.3667,64.6667,9.14,98,100,1.9,overcast clouds
592,Aden,YE,12.7794,45.0367,80.28,60,41,10.0,scattered clouds
593,Sioux Lookout,CA,50.1001,-91.917,28.78,86,20,5.75,few clouds
594,Yokadouma,CM,3.5167,15.05,69.91,94,80,1.57,broken clouds
595,Ngunguru,NZ,-35.6167,174.5,72.16,83,27,9.75,scattered clouds
596,Malaga,ES,36.7202,-4.4203,61.99,91,75,3.0,broken clouds
597,Verkhoshizhemye,RU,58.011,49.1038,28.13,97,100,5.03,light snow
598,Solnechnyy,RU,50.7214,136.6319,7.41,95,29,2.42,scattered clouds
599,Geraldton,AU,-28.7667,114.6,70.21,78,90,14.97,overcast clouds
600,Puranpur,IN,28.5167,80.15,61.77,58,3,6.78,clear sky
601,Mandal,IN,25.45,74.5667,65.41,95,12,4.27,few clouds
602,Barao De Melgaco,BR,-16.1944,-55.9675,82.92,93,93,1.34,light rain
603,Churu,IN,28.3,74.95,65.01,22,0,5.95,clear sky
604,Mahina,PF,-17.5065,-149.489,85.77,58,20,12.66,few clouds
605,Cockburn Town,TC,21.4612,-71.1419,81.23,76,100,15.93,overcast clouds
606,Kota Belud,MY,6.351,116.4305,80.46,85,72,3.13,broken clouds
607,Rapid Valley,US,44.0625,-103.1463,47.03,61,90,4.61,overcast clouds
608,Takoradi,GH,4.8845,-1.7554,80.26,88,10,6.08,clear sky
609,Hambantota,LK,6.1241,81.1185,76.01,77,93,12.41,overcast clouds
610,Superior,US,46.7208,-92.1041,37.08,63,1,0.0,clear sky
611,Belgrade,RS,44.804,20.4651,47.86,79,75,4.61,broken clouds
612,Hvide Sande,DK,56.0045,8.1294,48.99,77,99,24.79,overcast clouds
613,Kokoda,PG,-8.8785,147.7407,84.6,70,99,4.05,overcast clouds
614,Alice Town,BS,25.7167,-79.3,77.72,82,99,23.15,light rain
615,Awjilah,LY,29.1081,21.2869,62.42,58,0,9.6,clear sky
616,Mount Pleasant,US,32.7941,-79.8626,59.0,77,90,1.01,overcast clouds
617,Christchurch,NZ,-43.5333,172.6333,69.03,54,40,1.99,light rain
618,Knysna,ZA,-34.0363,23.0471,59.56,88,93,8.77,overcast clouds
619,Kenosha,US,42.5667,-88.0501,48.43,58,1,4.61,clear sky
620,Brigham City,US,41.5102,-112.0155,48.81,57,75,1.01,broken clouds
621,Bontang,ID,0.1333,117.5,76.05,86,91,3.98,overcast clouds
622,Yuzhno-Kurilsk,RU,44.0306,145.8556,38.93,62,74,14.41,broken clouds
623,Puerto Colombia,CO,10.9878,-74.9547,80.69,79,62,13.06,broken clouds
624,Santa Cruz,BO,-17.8,-63.1667,79.99,53,43,3.49,scattered clouds
625,Marzuq,YE,14.4,46.4667,66.7,43,18,4.99,few clouds
626,Kalmunai,LK,7.4167,81.8167,76.87,86,48,4.29,scattered clouds
627,Karia,NG,11.7306,11.1629,76.12,21,7,9.01,clear sky
628,Jiazi,CN,22.8779,116.067,69.96,84,100,11.18,overcast clouds
629,Macamic,CA,48.7502,-78.9996,32.23,97,100,14.72,light snow
630,Pipri,IN,19.8,75.5333,71.49,92,87,8.43,overcast clouds
631,Bilibino,RU,68.0546,166.4372,-15.75,81,24,3.71,few clouds
632,Tomatlan,MX,19.9333,-105.25,87.8,47,3,4.43,clear sky
633,The Valley,AI,18.217,-63.0578,79.11,88,40,6.91,scattered clouds
634,Yarkovo,RU,57.4028,67.0786,21.96,85,100,11.88,overcast clouds
635,Kapit,MY,2.0167,112.9333,75.18,91,100,1.36,overcast clouds
636,Oksfjord,NO,70.2396,22.3479,29.32,87,96,15.19,snow
637,Dehloran,IR,32.6941,47.2679,68.67,42,98,8.23,overcast clouds
638,Pucallpa,PE,-8.3791,-74.5539,77.04,94,75,4.61,broken clouds
639,Chatrapur,IN,19.35,84.9833,76.44,90,72,4.92,broken clouds
640,San Cristobal,VE,7.7669,-72.225,75.38,84,89,1.68,overcast clouds
641,Marataizes,BR,-21.0433,-40.8244,71.37,91,100,13.56,overcast clouds
642,Mezen,RU,65.8522,44.24,22.93,97,96,4.83,overcast clouds
643,Berlevag,NO,70.8578,29.0864,29.98,64,100,26.57,snow
644,Kalengwa,ZM,-13.4659,25.0027,62.11,95,89,4.05,light rain
645,Celestun,MX,20.8667,-90.4,77.38,85,100,14.81,overcast clouds
646,Caluquembe,AO,-13.7833,14.6833,60.4,91,98,3.67,overcast clouds
647,Vila,PT,42.0304,-8.1588,49.33,86,95,3.22,overcast clouds
648,Chingirlau,KZ,51.095,54.0814,34.18,96,100,26.91,light rain
649,Dubai,AE,25.2582,55.3047,75.13,64,0,5.75,clear sky
650,Grootfontein,NA,-19.5667,18.1167,78.37,13,94,5.75,overcast clouds
651,Kharian,PK,32.8149,73.8636,51.15,34,0,5.68,clear sky
652,Coromandel,BR,-18.4733,-47.2003,68.16,91,99,0.72,moderate rain
653,Gobabis,NA,-22.45,18.9667,75.65,11,53,1.92,broken clouds
654,Kudahuvadhoo,MV,2.6708,72.8944,81.09,77,96,17.54,overcast clouds
655,Paragominas,BR,-2.9667,-47.4833,76.19,91,75,3.58,broken clouds
656,Ternate,ID,0.8,127.4,82.13,77,26,3.0,scattered clouds
657,Arman,RU,59.7,150.1667,16.66,77,100,11.74,overcast clouds
658,Kuliyapitiya,LK,7.4688,80.0401,73.78,82,49,2.73,scattered clouds
659,Lucea,JM,18.451,-78.1736,82.26,75,100,7.74,overcast clouds
660,Yenagoa,NG,4.9247,6.2642,76.53,95,62,4.18,broken clouds
661,Damnagar,IN,21.7,71.5167,76.23,51,49,10.47,scattered clouds
662,Mariental,NA,-24.6333,17.9667,70.45,20,1,10.71,clear sky
663,Lazaro Cardenas,MX,17.9583,-102.2,82.13,66,5,6.58,clear sky
664,Shar,KZ,49.5886,81.0453,13.3,65,17,17.69,few clouds
665,Emerald,AU,-23.5333,148.1667,83.98,27,98,13.89,overcast clouds
666,Pedro Leopoldo,BR,-19.6181,-44.0431,71.35,88,75,9.22,broken clouds
667,Bucerias,MX,20.75,-105.3333,84.18,61,1,10.36,clear sky
668,Mackay,AU,-21.15,149.2,82.04,62,46,8.03,scattered clouds
669,Labuan,MY,5.2767,115.2417,79.16,89,40,4.61,scattered clouds
670,Bereda,ES,43.2686,-7.5406,45.41,93,98,0.63,overcast clouds
671,Barguzin,RU,53.6167,109.6167,4.93,96,97,1.95,overcast clouds
672,Haverfordwest,GB,51.8017,-4.9691,50.16,85,100,4.0,overcast clouds
673,Amarante Do Maranhao,BR,-5.5667,-46.7422,79.25,75,73,3.96,heavy intensity rain
674,Topeka,US,39.0483,-95.678,55.11,56,1,4.61,clear sky
675,Tabas,IR,33.5959,56.9244,51.03,25,5,2.55,clear sky
676,Gweru,ZW,-19.45,29.8167,61.81,93,99,8.5,overcast clouds
677,Nizwa,OM,22.9333,57.5333,66.69,59,26,3.67,scattered clouds
678,Kuytun,RU,54.3419,101.5036,-12.08,99,58,3.42,broken clouds
679,Ibra,OM,22.6906,58.5334,67.73,50,5,5.59,clear sky
680,Pecos,US,31.4229,-103.4932,82.06,18,1,5.75,clear sky
681,Diego De Almagro,CL,-26.3667,-70.05,71.69,16,35,8.34,scattered clouds
682,Taltal,CL,-25.4,-70.4833,64.33,70,100,5.84,overcast clouds
683,Lockhart,US,28.6194,-81.4426,71.8,79,95,1.99,overcast clouds
684,Barra Patuca,HN,15.8,-84.2833,79.05,74,94,7.18,overcast clouds
685,Kailua,US,21.4022,-157.7394,85.98,66,93,7.7,overcast clouds
686,Neiafu,TO,-18.65,-173.9833,86.68,74,20,10.36,light rain
687,Pimentel,PE,-6.8367,-79.9342,68.29,73,20,19.57,few clouds
688,Daru,PG,-9.0763,143.2092,81.68,84,74,14.65,broken clouds
689,Bismarck,US,46.8083,-100.7837,39.04,53,1,6.91,clear sky
690,Ingham,US,42.6,-84.3833,38.97,80,40,3.44,scattered clouds
691,Vandra,EE,58.6481,25.0361,35.19,89,100,5.08,overcast clouds
692,Henderson,US,36.0397,-114.9819,74.17,20,1,8.05,clear sky
693,Storsteinnes,NO,69.2408,19.2344,28.4,99,92,2.46,overcast clouds
694,Port Moresby,PG,-9.4431,147.1797,83.01,74,87,2.51,overcast clouds
695,Lithakia,GR,37.7167,20.8333,56.59,93,0,0.0,clear sky
696,Mandalgovi,MN,45.7625,106.2708,6.44,73,98,31.54,overcast clouds
697,Honningsvag,NO,70.9821,25.9704,31.42,57,100,22.62,light snow
698,Praia,CV,14.9215,-23.5087,77.54,83,75,12.66,broken clouds
699,Ghanzi,BW,-21.5667,21.7833,72.23,60,66,7.65,broken clouds
700,Lamesa,US,32.7376,-101.951,78.53,18,28,12.97,scattered clouds
